,escuela
0,Gabriel Pereira
1,Gabriel Pereira
2,Gabriel Pereira
3,Gabriel Pereira
4,Gabriel Pereira
5,Gabriel Pereira
6,Gabriel Pereira
7,Gabriel Pereira
8,Gabriel Pereira
9,Gabriel Pereira
10,Gabriel Pereira
11,Gabriel Pereira
12,Gabriel Pereira
13,Gabriel Pereira
14,Gabriel Pereira
15,Gabriel Pereira
16,Gabriel Pereira
17,Gabriel Pereira
18,Gabriel Pereira
19,Gabriel Pereira
20,Gabriel Pereira
21,Gabriel Pereira
22,Gabriel Pereira
23,Gabriel Pereira
24,Gabriel Pereira
25,Gabriel Pereira
26,Gabriel Pereira
27,Gabriel Pereira
28,Gabriel Pereira
29,Gabriel Pereira
30,Gabriel Pereira
31,Gabriel Pereira
32,Gabriel Pereira
33,Gabriel Pereira
34,Gabriel Pereira
35,Gabriel Pereira
36,Gabriel Pereira
37,Gabriel Pereira
38,Gabriel Pereira
39,Gabriel Pereira
40,Gabriel Pereira
41,Gabriel Pereira
42,Gabriel Pereira
43,Gabriel Pereira
44,Gabriel Pereira
45,Gabriel Pereira
46,Gabriel Pereira
47,Gabriel Pereira
48,Gabriel Pereira
49,Gabriel Pereira
50,Gabriel Pereira
51,Gabriel Pereira
52,Gabriel Pereira
53,Gabriel Pereira
54,Gabriel Pereira
55,Gabriel Pereira
56,Gabriel Pereira
57,Gabriel Pereira
58,Gabriel Pereira
59,Gabriel Pereira
60,Gabriel Pereira
61,Gabriel Pereira
62,Gabriel Pereira
63,Gabriel Pereira
64,Gabriel Pereira
65,Gabriel Pereira
66,Gabriel Pereira
67,Gabriel Pereira
68,Gabriel Pereira
69,Gabriel Pereira
70,Gabriel Pereira
71,Gabriel Pereira
72,Gabriel Pereira
73,Gabriel Pereira
74,Gabriel Pereira
75,Gabriel Pereira
76,Gabriel Pereira
77,Gabriel Pereira
78,Gabriel Pereira
79,Gabriel Pereira
80,Gabriel Pereira
81,Gabriel Pereira
82,Gabriel Pereira
83,Gabriel Pereira
84,Gabriel Pereira
85,Gabriel Pereira
86,Gabriel Pereira
87,Gabriel Pereira
88,Gabriel Pereira
89,Gabriel Pereira
90,Gabriel Pereira
91,Gabriel Pereira
92,Gabriel Pereira
93,Gabriel Pereira
94,Gabriel Pereira
95,Gabriel Pereira
96,Gabriel Pereira
97,Gabriel Pereira
98,Gabriel Pereira
99,Gabriel Pereira
100,Gabriel Pereira
101,Gabriel Pereira
102,Gabriel Pereira
103,Gabriel Pereira
104,Gabriel Pereira
105,Gabriel Pereira
106,Gabriel Pereira
107,Gabriel Pereira
108,Gabriel Pereira
109,Gabriel Pereira
110,Gabriel Pereira
111,Gabriel Pereira
112,Gabriel Pereira
113,Gabriel Pereira
114,Gabriel Pereira
115,Gabriel Pereira
116,Gabriel Pereira
117,Gabriel Pereira
118,Gabriel Pereira
119,Gabriel Pereira
120,Gabriel Pereira
121,Gabriel Pereira
122,Gabriel Pereira
123,Gabriel Pereira
124,Gabriel Pereira
125,Gabriel Pereira
126,Gabriel Pereira
127,Gabriel Pereira
128,Gabriel Pereira
129,Gabriel Pereira
130,Gabriel Pereira
131,Gabriel Pereira
132,Gabriel Pereira
133,Gabriel Pereira
134,Gabriel Pereira
135,Gabriel Pereira
136,Gabriel Pereira
137,Gabriel Pereira
138,Gabriel Pereira
139,Gabriel Pereira
140,Gabriel Pereira
141,Gabriel Pereira
142,Gabriel Pereira
143,Gabriel Pereira
144,Gabriel Pereira
145,Gabriel Pereira
146,Gabriel Pereira
147,Gabriel Pereira
148,Gabriel Pereira
149,Gabriel Pereira
150,Gabriel Pereira
151,Gabriel Pereira
152,Gabriel Pereira
153,Gabriel Pereira
154,Gabriel Pereira
155,Gabriel Pereira
156,Gabriel Pereira
157,Gabriel Pereira
158,Gabriel Pereira
159,Gabriel Pereira
160,Gabriel Pereira
161,Gabriel Pereira
162,Gabriel Pereira
163,Gabriel Pereira
164,Gabriel Pereira
165,Gabriel Pereira
166,Gabriel Pereira
167,Gabriel Pereira
168,Gabriel Pereira
169,Gabriel Pereira
170,Gabriel Pereira
171,Gabriel Pereira
172,Gabriel Pereira
173,Gabriel Pereira
174,Gabriel Pereira
175,Gabriel Pereira
176,Gabriel Pereira
177,Gabriel Pereira
178,Gabriel Pereira
179,Gabriel Pereira
180,Gabriel Pereira
181,Gabriel Pereira
182,Gabriel Pereira
183,Gabriel Pereira
184,Gabriel Pereira
185,Gabriel Pereira
186,Gabriel Pereira
187,Gabriel Pereira
188,Gabriel Pereira
189,Gabriel Pereira
190,Gabriel Pereira
191,Gabriel Pereira
192,Gabriel Pereira
193,Gabriel Pereira
194,Gabriel Pereira
195,Gabriel Pereira
196,Gabriel Pereira
197,Gabriel Pereira
198,Gabriel Pereira
199,Gabriel Pereira
200,Gabriel Pereira
201,Gabriel Pereira
202,Gabriel Pereira
203,Gabriel Pereira
204,Gabriel Pereira
205,Gabriel Pereira
206,Gabriel Pereira
207,Gabriel Pereira
208,Gabriel Pereira
209,Gabriel Pereira
210,Gabriel Pereira
211,Gabriel Pereira
212,Gabriel Pereira
213,Gabriel Pereira
214,Gabriel Pereira
215,Gabriel Pereira
216,Gabriel Pereira
217,Gabriel Pereira
218,Gabriel Pereira
219,Gabriel Pereira
220,Gabriel Pereira
221,Gabriel Pereira
222,Gabriel Pereira
223,Gabriel Pereira
224,Gabriel Pereira
225,Gabriel Pereira
226,Gabriel Pereira
227,Gabriel Pereira
228,Gabriel Pereira
229,Gabriel Pereira
230,Gabriel Pereira
231,Gabriel Pereira
232,Gabriel Pereira
233,Gabriel Pereira
234,Gabriel Pereira
235,Gabriel Pereira
236,Gabriel Pereira
237,Gabriel Pereira
238,Gabriel Pereira
239,Gabriel Pereira
240,Gabriel Pereira
241,Gabriel Pereira
242,Gabriel Pereira
243,Gabriel Pereira
244,Gabriel Pereira
245,Gabriel Pereira
246,Gabriel Pereira
247,Gabriel Pereira
248,Gabriel Pereira
249,Gabriel Pereira
250,Gabriel Pereira
251,Gabriel Pereira
252,Gabriel Pereira
253,Gabriel Pereira
254,Gabriel Pereira
255,Gabriel Pereira
256,Gabriel Pereira
257,Gabriel Pereira
258,Gabriel Pereira
259,Gabriel Pereira
260,Gabriel Pereira
261,Gabriel Pereira
262,Gabriel Pereira
263,Gabriel Pereira
264,Gabriel Pereira
265,Gabriel Pereira
266,Gabriel Pereira
267,Gabriel Pereira
268,Gabriel Pereira
269,Gabriel Pereira
270,Gabriel Pereira
271,Gabriel Pereira
272,Gabriel Pereira
273,Gabriel Pereira
274,Gabriel Pereira
275,Gabriel Pereira
276,Gabriel Pereira
277,Gabriel Pereira
278,Gabriel Pereira
279,Gabriel Pereira
280,Gabriel Pereira
281,Gabriel Pereira
282,Gabriel Pereira
283,Gabriel Pereira
284,Gabriel Pereira
285,Gabriel Pereira
286,Gabriel Pereira
287,Gabriel Pereira
288,Gabriel Pereira
289,Gabriel Pereira
290,Gabriel Pereira
291,Gabriel Pereira
292,Gabriel Pereira
293,Gabriel Pereira
294,Gabriel Pereira
295,Gabriel Pereira
296,Gabriel Pereira
297,Gabriel Pereira
298,Gabriel Pereira
299,Gabriel Pereira
300,Gabriel Pereira
301,Gabriel Pereira
302,Gabriel Pereira
303,Gabriel Pereira
304,Gabriel Pereira
305,Gabriel Pereira
306,Gabriel Pereira
307,Gabriel Pereira
308,Gabriel Pereira
309,Gabriel Pereira
310,Gabriel Pereira
311,Gabriel Pereira
312,Gabriel Pereira
313,Gabriel Pereira
314,Gabriel Pereira
315,Gabriel Pereira
316,Gabriel Pereira
317,Gabriel Pereira
318,Gabriel Pereira
319,Gabriel Pereira
320,Gabriel Pereira
321,Gabriel Pereira
322,Gabriel Pereira
323,Gabriel Pereira
324,Gabriel Pereira
325,Gabriel Pereira
326,Gabriel Pereira
327,Gabriel Pereira
328,Gabriel Pereira
329,Gabriel Pereira
330,Gabriel Pereira
331,Gabriel Pereira
332,Gabriel Pereira
333,Gabriel Pereira
334,Gabriel Pereira
335,Gabriel Pereira
336,Gabriel Pereira
337,Gabriel Pereira
338,Gabriel Pereira
339,Gabriel Pereira
340,Gabriel Pereira
341,Gabriel Pereira
342,Gabriel Pereira
343,Gabriel Pereira
344,Gabriel Pereira
345,Gabriel Pereira
346,Gabriel Pereira
347,Gabriel Pereira
348,Gabriel Pereira
349,Mousinho da Silveira
350,Mousinho da Silveira
351,Mousinho da Silveira
352,Mousinho da Silveira
353,Mousinho da Silveira
354,Mousinho da Silveira
355,Mousinho da Silveira
356,Mousinho da Silveira
357,Mousinho da Silveira
358,Mousinho da Silveira
359,Mousinho da Silveira
360,Mousinho da Silveira
361,Mousinho da Silveira
362,Mousinho da Silveira
363,Mousinho da Silveira
364,Mousinho da Silveira
365,Mousinho da Silveira
366,Mousinho da Silveira
367,Mousinho da Silveira
368,Mousinho da Silveira
369,Mousinho da Silveira
370,Mousinho da Silveira
371,Mousinho da Silveira
372,Mousinho da Silveira
373,Mousinho da Silveira
374,Mousinho da Silveira
375,Mousinho da Silveira
376,Mousinho da Silveira
377,Mousinho da Silveira
378,Mousinho da Silveira
379,Mousinho da Silveira
380,Mousinho da Silveira
381,Mousinho da Silveira
382,Mousinho da Silveira
383,Mousinho da Silveira
384,Mousinho da Silveira
385,Mousinho da Silveira
386,Mousinho da Silveira
387,Mousinho da Silveira
388,Mousinho da Silveira
389,Mousinho da Silveira
390,Mousinho da Silveira
391,Mousinho da Silveira
392,Mousinho da Silveira
393,Mousinho da Silveira
394,Mousinho da Silveira
